world_id,scene_id,object_id_a,object_id_b,_object_name_a,_object_name_b,boundary_sharpness,minimum_boundary_distance,minimum_boundary_distance_is_metric,surface_normal_consistency,relative_height,depth_gradient,overlap_ratio,edge_continuity,occlusion_boundary_score,ground_truth_relation
world3_thin_objects,world3_thin_objects__v6,1,3,obj_plate,obj_bottle,0.15187211334705353,0.0018640133095593266,True,0.878103088550296,-0.15678142737369105,0.021336466073989868,0.06258840169731258,1.0,0.7442396313364055,Separate
world3_thin_objects,world3_thin_objects__v6,1,11,obj_plate,obj_ruler,0.04844959080219269,0.0018640133095593266,True,0.9805531025199757,-0.008475996138024855,0.010479590855538845,0.007389824435686134,1.0,1.0,Support
world3_thin_objects,world3_thin_objects__v6,2,11,obj_fork,obj_ruler,0.012666234746575356,0.0018640133095593266,True,0.9873811853897588,-0.002448719029201185,0.008955751545727253,0.21579232017306652,1.0,0.31746031746031744,Support
world3_thin_objects,world3_thin_objects__v6,4,5,obj_mug,obj_toothbrush,0.07635640352964401,0.0018640133095593266,True,0.9993457769396339,0.11504178936030185,0.025604160502552986,0.015616285554935862,1.0,1.0,Contact
world3_thin_objects,world3_thin_objects__v6,6,7,obj_notebook,obj_pen,0.01853770948946476,0.0018640133095593266,True,0.9452356168951359,-0.011615631773258861,0.00589079549536109,0.1756578947368421,1.0,0.15637173066221477,Contact
world3_thin_objects,world3_thin_objects__v6,9,10,obj_knife,obj_spoon,0.01957465521991253,0.0018640133095593266,True,0.9992536106024502,-0.004742582052994604,0.009641332551836967,0.25237113402061856,0.5164835164835165,0.0945454545454546,Support
world3_thin_objects,world3_thin_objects__v6,13,18,obj_chopstick_a,obj_chopstick_b,0.017477290704846382,0.005219237177883034,True,0.9798032105089709,-0.003498582223686486,0.017477290704846382,0.8116938950988822,,0.036363636363636376,Contact
