world_id,scene_id,object_id_a,object_id_b,_object_name_a,_object_name_b,boundary_sharpness,minimum_boundary_distance,minimum_boundary_distance_is_metric,surface_normal_consistency,relative_height,depth_gradient,overlap_ratio,edge_continuity,occlusion_boundary_score,ground_truth_relation
world3_thin_objects,world3_thin_objects__v2,1,11,obj_plate,obj_ruler,0.03351127728819847,0.0031927182239576022,True,0.9982876333611524,0.00209958964429513,0.015056026168167591,0.012526096033402923,1.0,1.0,Support
world3_thin_objects,world3_thin_objects__v2,2,11,obj_fork,obj_ruler,0.021218569949269295,0.0031927182239576022,True,0.9622259410786771,-0.0055142919312543,0.018886854872107506,0.08415841584158416,1.0,0.9466019417475728,Support
world3_thin_objects,world3_thin_objects__v2,3,9,obj_bottle,obj_knife,0.2097686529159546,0.0031927182239576022,True,0.4911779168352644,0.12216974424716998,0.056111205369234085,0.0,1.0,0.8791423001949317,Separate
world3_thin_objects,world3_thin_objects__v2,4,5,obj_mug,obj_toothbrush,0.08718574047088623,0.0031927182239576022,True,0.06936637793681659,0.10300227877743162,0.026382580399513245,0.0242624758753791,1.0,1.0,Contact
world3_thin_objects,world3_thin_objects__v2,6,7,obj_notebook,obj_pen,0.025088099762797356,0.0031927182239576022,True,0.7132711593705274,-0.008914449227949595,0.011359727941453457,0.2165547520661157,1.0,0.0335097001763669,Contact
world3_thin_objects,world3_thin_objects__v2,9,10,obj_knife,obj_spoon,0.047139618545770645,0.0031927182239576022,True,0.9980686830848098,-0.0065287847231375595,0.028451193124055862,0.6315651260504201,0.5230769230769231,0.009756097560975618,Support
world3_thin_objects,world3_thin_objects__v2,13,18,obj_chopstick_a,obj_chopstick_b,0.024910548701882362,0.0031927182239576022,True,0.5040706585238193,-0.0011254719372915112,0.024910548701882362,0.7373646209386282,0.061224489795918366,0.04615384615384621,Contact
