world_id,scene_id,object_id_a,object_id_b,_object_name_a,_object_name_b,boundary_sharpness,minimum_boundary_distance,minimum_boundary_distance_is_metric,surface_normal_consistency,relative_height,depth_gradient,overlap_ratio,edge_continuity,occlusion_boundary_score,ground_truth_relation
world1_baseline,world1_baseline__v5,1,6,obj_bottle,obj_plate,,0.0031487965294246813,True,0.3303159438055964,0.12933922086718275,,0.08762322015334063,1.0,0.9152798789712557,Separate
world1_baseline,world1_baseline__v5,2,6,obj_mug,obj_plate,0.15352283418178558,0.0031487965294246813,True,0.6262867279860934,0.06731274014522703,0.03706667199730873,0.01232394366197183,1.0,1.0,Separate
world1_baseline,world1_baseline__v5,3,4,obj_bowl,obj_apple,0.16830916702747345,0.0031487965294246813,True,0.9972588439962602,0.010779238684119785,0.03618093207478523,0.0,1.0,0.5343137254901962,Contact
world1_baseline,world1_baseline__v5,3,7,obj_bowl,obj_tissue_box,0.20233653485774994,0.006297593058849363,True,0.9486824674635006,0.005555899380857987,0.038606129586696625,0.012909395170929955,,0.9786666666666666,Separate
world1_baseline,world1_baseline__v5,7,9,obj_tissue_box,obj_notebook,,0.0031487965294246813,True,0.6423472673972772,0.06393127975662238,,0.05401983540831399,0.7317073170731707,1.0,Separate
world1_baseline,world1_baseline__v5,7,10,obj_tissue_box,obj_remote,0.1684028059244156,0.0031487965294246813,True,0.712780329710741,0.045541596185941,0.04035506024956703,0.009717582751290617,0.8,1.0,Separate
world1_baseline,world1_baseline__v5,8,12,obj_cereal_box,obj_banana,,0.0031487965294246813,True,0.4584601315704564,0.13997462865252452,,0.015479876160990712,1.0,0.9951100244498778,Contact
world1_baseline,world1_baseline__v5,9,10,obj_notebook,obj_remote,,0.0031487965294246813,True,0.9818477892314666,-0.01838968357068138,,0.3155737704918033,1.0,0.014705882352941124,Support
