world_id,scene_id,object_id_a,object_id_b,_object_name_a,_object_name_b,boundary_sharpness,minimum_boundary_distance,minimum_boundary_distance_is_metric,surface_normal_consistency,relative_height,depth_gradient,overlap_ratio,edge_continuity,occlusion_boundary_score,ground_truth_relation
world3_thin_objects,world3_thin_objects__v3,1,3,obj_plate,obj_bottle,,0.0030403415262813655,True,0.2891868360289565,-0.0967191136967287,,0.2867712340929269,0.5046728971962616,0.4018691588785047,Separate
world3_thin_objects,world3_thin_objects__v3,1,5,obj_plate,obj_toothbrush,0.12678124010562897,0.0030403415262813655,True,0.5042166932948237,0.0028643175639339047,0.057481277734041214,0.0038669760247486465,1.0,0.8317757009345794,Contact
world3_thin_objects,world3_thin_objects__v3,1,11,obj_plate,obj_ruler,0.11571024358272552,0.0030403415262813655,True,0.9868386823247499,-0.000917340638572739,0.05602939426898956,0.017989078059749437,0.8260869565217391,0.8968692449355433,Support
world3_thin_objects,world3_thin_objects__v3,2,11,obj_fork,obj_ruler,0.03290294483304024,0.0030403415262813655,True,0.996320984955558,0.003649261155836414,0.03188413009047508,0.0605726872246696,1.0,0.6518218623481782,Support
world3_thin_objects,world3_thin_objects__v3,4,5,obj_mug,obj_toothbrush,,0.0030403415262813655,True,0.5136268527696004,0.06757616748935102,,0.0,1.0,0.9610389610389611,Contact
world3_thin_objects,world3_thin_objects__v3,6,7,obj_notebook,obj_pen,0.03130533546209335,0.0030403415262813655,True,0.17088681198220906,-0.008124302645406312,0.019355596974492073,0.19770378874856487,1.0,0.026610644257702987,Contact
world3_thin_objects,world3_thin_objects__v3,9,10,obj_knife,obj_spoon,0.03130757808685303,0.0030403415262813655,True,0.9820549724212236,-0.005548843809969117,0.02253062091767788,0.8085315028193185,0.5,0.05240174672489084,Support
world3_thin_objects,world3_thin_objects__v3,13,18,obj_chopstick_a,obj_chopstick_b,0.03110422194004059,0.012161366105125462,True,0.9998543456473381,-0.002829584811966268,0.03110422194004059,0.0,,0.011070110701107083,Contact
