world_id,scene_id,object_id_a,object_id_b,_object_name_a,_object_name_b,boundary_sharpness,minimum_boundary_distance,minimum_boundary_distance_is_metric,surface_normal_consistency,relative_height,depth_gradient,overlap_ratio,edge_continuity,occlusion_boundary_score,ground_truth_relation
world2_dense_clutter,world2_dense_clutter,4,5,obj_jar,obj_cereal_box,0.3983622193336487,0.0016034461542724845,True,0.2723117983546592,-0.06425373352517116,0.04322085529565811,0.00336,1.0,0.10000000000000009,Separate
world2_dense_clutter,world2_dense_clutter,7,8,obj_bowl,obj_apple,0.12895023822784424,0.0016034461542724845,True,0.9991806407506696,0.029938529354162746,0.026486383751034737,0.013544018058690745,1.0,0.7664543524416136,Contact
world2_dense_clutter,world2_dense_clutter,10,11,obj_plate,obj_spoon,0.046331457793712616,0.0016034461542724845,True,0.9957852919434064,-0.018150259872314,0.006004492752254009,0.16926519416774938,1.0,0.5474683544303798,Separate
world2_dense_clutter,world2_dense_clutter,13,14,obj_kettle,obj_cup,0.10983970761299133,0.0016034461542724845,True,0.09867439614821226,0.026473809344573218,0.03386766090989113,0.06179775280898876,1.0,0.23655913978494625,Separate
world2_dense_clutter,world2_dense_clutter,15,16,obj_chopping_board,obj_knife,0.03193049132823944,0.0016034461542724845,True,0.9989205479343327,-0.0030067799487749625,0.00400170823559165,0.11599099099099099,0.5023474178403756,0.5322676139727649,Support
