world_id,scene_id,object_id_a,object_id_b,_object_name_a,_object_name_b,boundary_sharpness,minimum_boundary_distance,minimum_boundary_distance_is_metric,surface_normal_consistency,relative_height,depth_gradient,overlap_ratio,edge_continuity,occlusion_boundary_score,ground_truth_relation
world1_baseline,world1_baseline__v2,1,2,obj_bottle,obj_mug,,0.0037041257712789833,True,0.9508477674388549,0.09151902476522289,,0.18240659017358046,1.0,0.345707656612529,Separate
world1_baseline,world1_baseline__v2,3,4,obj_bowl,obj_apple,0.15078598260879517,0.0037041257712789833,True,0.98881386487809,0.013337252200805172,0.03643198683857918,0.009394313967861558,1.0,0.95,Contact
world1_baseline,world1_baseline__v2,8,11,obj_cereal_box,obj_toy_block,0.31830471754074097,0.0037041257712789833,True,0.6312503253921289,0.15985104787792626,0.03886188939213753,0.045490443847733375,1.0,0.8501440922190202,Separate
world1_baseline,world1_baseline__v2,8,12,obj_cereal_box,obj_banana,0.26159465312957764,0.0037041257712789833,True,0.7855339744371294,0.13616446550534145,0.03541288524866104,0.1062636761487965,1.0,0.4754402224281742,Contact
world1_baseline,world1_baseline__v2,9,10,obj_notebook,obj_remote,0.048376165330410004,0.0037041257712789833,True,0.9785156074938148,-0.014385280516263865,0.024237751960754395,0.31685527099463967,1.0,0.025757575757575868,Support
