world_id,scene_id,object_id_a,object_id_b,_object_name_a,_object_name_b,boundary_sharpness,minimum_boundary_distance,minimum_boundary_distance_is_metric,surface_normal_consistency,relative_height,depth_gradient,overlap_ratio,edge_continuity,occlusion_boundary_score,ground_truth_relation
world3_thin_objects,world3_thin_objects__v4,1,5,obj_plate,obj_toothbrush,0.03916725516319275,0.0031234939470667963,True,0.6619136791494347,-0.006125127301786382,0.016146128997206688,0.012104113578449217,1.0,1.0,Contact
world3_thin_objects,world3_thin_objects__v4,1,11,obj_plate,obj_ruler,0.02473386377096176,0.0031234939470667963,True,0.9793736294615858,-0.03432186542563043,0.014385170303285122,0.01545773126590178,1.0,1.0,Support
world3_thin_objects,world3_thin_objects__v4,2,11,obj_fork,obj_ruler,0.012765421532094479,0.0031234939470667963,True,0.9869016127652382,-0.01941136646634878,0.010445596650242805,0.101630351973183,1.0,0.7912457912457913,Support
world3_thin_objects,world3_thin_objects__v4,4,5,obj_mug,obj_toothbrush,0.12004926800727844,0.0031234939470667963,True,0.7701791267332551,0.06899879586124891,0.04881416633725166,0.012191209496310555,1.0,0.993993993993994,Contact
world3_thin_objects,world3_thin_objects__v4,6,7,obj_notebook,obj_pen,0.03462783247232437,0.0031234939470667963,True,0.9034441996612997,-0.009989545901048946,0.020614994689822197,0.16289038579301898,1.0,0.05163329820864071,Contact
world3_thin_objects,world3_thin_objects__v4,9,10,obj_knife,obj_spoon,0.024498488754034042,0.0031234939470667963,True,0.9917349785745359,-0.004903243630208998,0.016511332243680954,0.6279282576866764,0.52,0.11387163561076608,Support
world3_thin_objects,world3_thin_objects__v4,13,18,obj_chopstick_a,obj_chopstick_b,0.015391058288514614,0.01310899140567038,True,0.9907321904073599,-0.0037337617299205705,0.014163299463689327,0.7370765443676005,,0.26315789473684215,Contact
