world_id,scene_id,object_id_a,object_id_b,_object_name_a,_object_name_b,boundary_sharpness,minimum_boundary_distance,minimum_boundary_distance_is_metric,surface_normal_consistency,relative_height,depth_gradient,overlap_ratio,edge_continuity,occlusion_boundary_score,ground_truth_relation
world2_dense_clutter,world2_dense_clutter__v4,1,2,obj_bottle,obj_mug,0.2832053005695343,0.003717872963990348,True,0.9681352751609268,0.08107626619425068,0.06260380148887634,0.030053237162974412,1.0,0.8,Separate
world2_dense_clutter,world2_dense_clutter__v4,4,5,obj_jar,obj_cereal_box,,0.003717872963990348,True,0.9821688260289876,-0.08408327064602406,,0.08836241395870018,1.0,0.08008213552361398,Separate
world2_dense_clutter,world2_dense_clutter__v4,4,8,obj_jar,obj_apple,0.16585932672023773,0.003717872963990348,True,0.6908203321644577,0.041399560045096595,0.047849975526332855,0.0,1.0,0.768041237113402,Separate
world2_dense_clutter,world2_dense_clutter__v4,7,8,obj_bowl,obj_apple,0.15278197824954987,0.003717872963990348,True,0.8806212937589482,0.027763952525909352,0.03972271829843521,0.09981515711645102,1.0,0.8642297650130548,Contact
world2_dense_clutter,world2_dense_clutter__v4,7,9,obj_bowl,obj_tomato,0.14438657462596893,0.01857783794445017,True,0.9420918990883598,0.03567434936057157,0.036751870065927505,0.019158200290275762,,1.0,Contact
world2_dense_clutter,world2_dense_clutter__v4,10,11,obj_plate,obj_spoon,0.04904564470052719,0.003717872963990348,True,0.9288636834992724,-0.01110825396156856,0.014231212437152863,0.1691123836793128,1.0,0.18640955004591375,Separate
world2_dense_clutter,world2_dense_clutter__v4,11,12,obj_spoon,obj_fork,0.04506263881921768,0.01857783794445017,True,0.7122234042837928,0.015216640329047237,0.023624716326594353,0.09192501802451333,,1.0,Separate
world2_dense_clutter,world2_dense_clutter__v4,13,14,obj_kettle,obj_cup,,0.003717872963990348,True,0.9704803216109685,0.08238620771453908,,0.11319890009165903,1.0,0.08053691275167796,Separate
world2_dense_clutter,world2_dense_clutter__v4,15,16,obj_chopping_board,obj_knife,0.037383463233709335,0.003717872963990348,True,0.9733230307772301,-0.004103828842799806,0.017895018681883812,0.11674347158218126,0.50814332247557,0.1765704584040746,Support
