world_id,scene_id,object_id_a,object_id_b,_object_name_a,_object_name_b,boundary_sharpness,minimum_boundary_distance,minimum_boundary_distance_is_metric,surface_normal_consistency,relative_height,depth_gradient,overlap_ratio,edge_continuity,occlusion_boundary_score,ground_truth_relation
world4_support_scene,world4_support_scene,1,2,obj_cereal_box,obj_tissue_box,,1.0,False,0.9002815137847083,0.1991097667293371,,0.022792022792022793,1.0,0.07356948228882842,Contact
world4_support_scene,world4_support_scene,3,13,obj_storage_box,obj_can,,1.0,False,0.9564318461338694,-0.12785671634852724,,0.19509476031215162,1.0,0.7007633587786259,Separate
world4_support_scene,world4_support_scene,4,5,obj_wooden_crate,obj_bottle,,1.0,False,0.8770900413068429,-0.21535189756117135,,0.35068086827558315,1.0,0.7392156862745098,Separate
world4_support_scene,world4_support_scene,6,15,obj_mug,obj_container,0.12776212394237518,1.0,False,0.952564747467447,0.0296689275399874,0.04066552221775055,0.0,1.0,0.6293929712460065,Contact
world4_support_scene,world4_support_scene,7,8,obj_bowl,obj_plate,0.06659464538097382,1.0,False,0.999989515799557,0.05137710924737693,0.014971921220421791,0.46153846153846156,1.0,0.11471321695760595,Support
world4_support_scene,world4_support_scene,9,11,obj_notebook,obj_toy_cube,0.06151554733514786,1.0,False,0.9999968694913561,-0.047893485630423394,0.010847766883671284,0.0924092409240924,1.0,0.6666666666666667,Support
world4_support_scene,world4_support_scene,10,14,obj_book,obj_glass_jar,0.12838006019592285,1.0,False,0.9854690250683567,-0.12289756496124626,0.030080050230026245,0.2724324324324324,1.0,0.6512396694214876,Support
world4_support_scene,world4_support_scene,12,15,obj_sponge,obj_container,0.10401599109172821,1.0,False,0.9826642536156879,0.03300894098161078,0.03403183072805405,0.4300284629981025,1.0,1.0,Support
