{
  "object_name": "obj_sphere",
  "mask_pixels": 2982,
  "valid_pixels": 2982,
  "after_depth_filter": 2926,
  "median_depth": 0.7825143933296204,
  "mad": 0.01906338334083557,
  "depth_gate": 0.8968946933746338,
  "u_min": -0.043058520649622345,
  "u_max": 0.08414648495407867,
  "v_min": -0.0468845279552416,
  "v_max": 0.12416674979462533,
  "u_5": -0.037427456175889544,
  "u_95": 0.039387919663977915,
  "v_5": -0.03576583815976247,
  "v_95": 0.0545493977535016,
  "returned_width": 0.07681537583986746,
  "returned_height": 0.09031523591326407,
  "returned_depth": 0.16464078426361084
}