world_id,scene_id,object_id_a,object_id_b,boundary_sharpness,minimum_boundary_distance,minimum_boundary_distance_is_metric,surface_normal_consistency,relative_height,depth_gradient,overlap_ratio,edge_continuity,occlusion_boundary_score,ground_truth_relation
world3_thin_objects,world3_thin_objects,1,3,0.13130930066108704,0.008689877291705837,True,0.9879388747101555,-0.14971393864670912,0.0124745462089777,0.0,,1.0,Separate
world3_thin_objects,world3_thin_objects,1,11,0.01898174360394478,0.0021724693229264592,True,0.976674623683698,-0.03179363630885956,0.002537613734602928,0.024475524475524476,1.0,0.891970802919708,Support
world3_thin_objects,world3_thin_objects,2,11,0.008392554707825184,0.0021724693229264592,True,0.9965838909184648,-0.007882222130105032,0.003553957212716341,0.09328358208955224,1.0,0.5343680709534369,Support
world3_thin_objects,world3_thin_objects,4,5,0.0806032344698906,0.0021724693229264592,True,0.9179154473705875,0.10617610785082254,0.03126034513115883,0.0,1.0,0.8018575851393188,Contact
world3_thin_objects,world3_thin_objects,6,7,0.01971695013344288,0.0021724693229264592,True,0.9991819489855984,-0.010339253918753122,0.0036834198981523514,0.17251680358476476,1.0,0.5458104933437744,Contact
world3_thin_objects,world3_thin_objects,9,10,0.015361778438091278,0.0021724693229264592,True,0.9999459685088803,-0.004203457485633333,0.0068863872438669205,0.7366785079928952,0.5342465753424658,0.6974789915966386,Support
world3_thin_objects,world3_thin_objects,13,18,0.01737670600414276,0.006082914000602676,True,0.9980759608266982,-0.003815285543242175,0.01737670600414276,0.73904576436222,,0.2828947368421053,Contact
