world_id,scene_id,object_id_a,object_id_b,boundary_sharpness,minimum_boundary_distance,minimum_boundary_distance_is_metric,surface_normal_consistency,relative_height,depth_gradient,overlap_ratio,edge_continuity,occlusion_boundary_score,ground_truth_relation
world6_dense_mixed,world6_dense_mixed__v3,3,4,,0.0025841559474571105,True,0.9018948416769065,-0.08528165632210338,,0.07681718061674009,1.0,0.4017857142857143,Contact
world6_dense_mixed,world6_dense_mixed__v3,5,12,,0.0025841559474571105,True,0.10587148143175845,-0.03737836906640357,,0.1574585635359116,0.5086206896551724,0.02021403091557672,Support
world6_dense_mixed,world6_dense_mixed__v3,6,7,inf,0.003617818264828876,True,0.9879727707549919,0.010524126767796349,inf,0.0,1.0,0.1407942238267148,Contact
world6_dense_mixed,world6_dense_mixed__v3,6,12,,0.0025841559474571105,True,0.03387033515783083,-0.03212659798129691,,0.07102741988767756,1.0,0.7032640949554896,Support
world6_dense_mixed,world6_dense_mixed__v3,9,10,0.04796234145760536,0.0025841559474571105,True,0.9781502186665049,-0.013216686331899874,0.02340403012931347,0.23568575233022637,1.0,0.39393939393939403,Support
world6_dense_mixed,world6_dense_mixed__v3,9,11,0.04213620722293854,0.0025841559474571105,True,0.9624180766282988,5.844998554205283e-05,0.022285135462880135,0.156,1.0,0.33234421364985167,Support
world6_dense_mixed,world6_dense_mixed__v3,13,14,0.03641665354371071,0.0025841559474571105,True,0.9980118927018136,-0.006899613795782966,0.01913810893893242,0.17326732673267325,1.0,0.03812824956672434,Support
world6_dense_mixed,world6_dense_mixed__v3,13,15,0.03479767590761185,0.0025841559474571105,True,0.8126182701391109,0.016165987502037238,0.01864798553287983,0.0,1.0,0.1049107142857143,Contact
world6_dense_mixed,world6_dense_mixed__v3,13,16,0.03360164538025856,0.0025841559474571105,True,0.9947554822458785,-0.015700474984625012,0.01853858307003975,0.0,1.0,0.1061452513966481,Contact
