world_id,scene_id,object_id_a,object_id_b,boundary_sharpness,minimum_boundary_distance,minimum_boundary_distance_is_metric,surface_normal_consistency,relative_height,depth_gradient,overlap_ratio,edge_continuity,occlusion_boundary_score,ground_truth_relation
world2_dense_clutter,world2_dense_clutter__v6,7,8,0.14569823443889618,0.002116444925132861,True,0.9930362903707075,0.02613625602611458,0.03633008524775505,0.04137180185084377,1.0,0.4341736694677871,Contact
world2_dense_clutter,world2_dense_clutter__v6,10,11,0.05019093304872513,0.002116444925132861,True,0.9643097266092397,-0.02861193308033061,0.01325920782983303,0.33661937965857175,1.0,0.5492125984251969,Separate
world2_dense_clutter,world2_dense_clutter__v6,15,16,0.03012046404182911,0.002116444925132861,True,0.9924638448589024,-0.0030641095328469703,0.008344419300556183,0.23843058350100604,0.502970297029703,0.020979020979020935,Support
