world_id,scene_id,object_id_a,object_id_b,boundary_sharpness,minimum_boundary_distance,minimum_boundary_distance_is_metric,surface_normal_consistency,relative_height,depth_gradient,overlap_ratio,edge_continuity,occlusion_boundary_score,ground_truth_relation
world2_dense_clutter,world2_dense_clutter__v2,2,9,0.1625969409942627,0.016285854291103536,True,0.9989489233820794,0.039731978652989386,0.047829948365688324,0.0,,1.0,Separate
world2_dense_clutter,world2_dense_clutter__v2,4,5,0.5012913346290588,0.0037065535754645315,True,0.6089941768090156,-0.1111410024739169,0.05815218761563301,0.034053317766102355,1.0,0.4467005076142132,Separate
world2_dense_clutter,world2_dense_clutter__v2,4,8,0.2208375185728073,0.0037065535754645315,True,0.8891751281366385,0.07193547241641796,0.05874744802713394,0.11253293187805796,1.0,0.6666666666666667,Separate
world2_dense_clutter,world2_dense_clutter__v2,7,8,0.16403396427631378,0.0037065535754645315,True,0.9476024121921014,0.01971709676198896,0.04347812011837959,0.03171641791044776,1.0,0.8612716763005781,Contact
world2_dense_clutter,world2_dense_clutter__v2,7,9,0.16350704431533813,0.0037065535754645315,True,0.979487814627316,0.04016374379545806,0.043459538370370865,0.02159827213822894,1.0,0.8637770897832817,Contact
world2_dense_clutter,world2_dense_clutter__v2,10,11,0.06513024866580963,0.0037065535754645315,True,0.8222497031484282,-0.029420021900829263,0.02881772257387638,0.17368792657095788,1.0,0.10540540540540544,Separate
world2_dense_clutter,world2_dense_clutter__v2,13,14,0.21022847294807434,0.0037065535754645315,True,0.9870458682612447,0.09949133274158672,0.033830784261226654,0.11233164581144331,1.0,0.682737169517885,Separate
world2_dense_clutter,world2_dense_clutter__v2,15,16,0.03761345520615578,0.0037065535754645315,True,0.9581388491909325,-0.0030481549881943293,0.01744007132947445,0.09673469387755101,0.503030303030303,0.16653512233622725,Support
