world_id,scene_id,object_id_a,object_id_b,boundary_sharpness,minimum_boundary_distance,minimum_boundary_distance_is_metric,surface_normal_consistency,relative_height,depth_gradient,overlap_ratio,edge_continuity,occlusion_boundary_score,ground_truth_relation
world3_thin_objects,world3_thin_objects__v5,1,3,,0.002815137074559225,True,0.10783255263760058,-0.0928889876475606,,0.0,1.0,0.6057068741893645,Separate
world3_thin_objects,world3_thin_objects__v5,1,11,0.02692561224102974,0.002815137074559225,True,0.9792810577391646,-0.002812843128498499,0.016639532521367073,0.029585798816568046,1.0,0.5128865979381443,Support
world3_thin_objects,world3_thin_objects__v5,2,11,0.016271214932203293,0.002815137074559225,True,0.998124222908677,-0.003964753362329709,0.014795099385082722,0.12263099219620958,1.0,0.5859375,Support
world3_thin_objects,world3_thin_objects__v5,3,9,,0.002815137074559225,True,0.4202795783564175,0.1105687556819267,,0.0,1.0,0.939622641509434,Separate
world3_thin_objects,world3_thin_objects__v5,3,10,,0.002815137074559225,True,0.27424881921548167,0.10493375775234859,,0.0,1.0,1.0,Separate
world3_thin_objects,world3_thin_objects__v5,4,5,0.0917370468378067,0.002815137074559225,True,0.38753918258725395,0.08912406562326258,0.02681092545390129,0.004421110804089527,1.0,0.8361266294227188,Contact
world3_thin_objects,world3_thin_objects__v5,6,7,0.04163387417793274,0.002815137074559225,True,0.9828829685729047,-0.007499571138638195,0.029282381758093834,0.14901185770750988,1.0,0.10984848484848486,Contact
world3_thin_objects,world3_thin_objects__v5,9,10,0.05203637480735779,0.002815137074559225,True,0.9813533740044931,-0.005634997929578112,0.03818770870566368,0.5089964014394243,0.5180722891566265,0.5683060109289617,Support
world3_thin_objects,world3_thin_objects__v5,13,18,0.03226706013083458,0.003941191837264817,True,0.696213636786565,-0.0014900478678848694,0.03226706013083458,0.8176718092566619,0.16666666666666666,0.013623978201634968,Contact
