world_id,scene_id,object_id_a,object_id_b,boundary_sharpness,minimum_boundary_distance,minimum_boundary_distance_is_metric,surface_normal_consistency,relative_height,depth_gradient,overlap_ratio,edge_continuity,occlusion_boundary_score,ground_truth_relation
world1_baseline,world1_baseline__v4,1,2,0.20445604622364044,0.003704126790722269,True,0.9463097311131686,0.09822570507650796,0.04403587058186531,0.18672199170124482,1.0,0.48562300319488827,Separate
world1_baseline,world1_baseline__v4,3,4,0.16633227467536926,0.003704126790722269,True,0.6470173067668725,0.017879884583291594,0.045953378081321716,0.09084027252081757,1.0,0.6944444444444444,Contact
world1_baseline,world1_baseline__v4,4,5,0.09811236709356308,0.01627519148483251,True,0.8663351715092589,0.04918262867904055,0.052097052335739136,0.0,,1.0,Separate
world1_baseline,world1_baseline__v4,8,12,,0.003704126790722269,True,0.8210702374166305,0.12934849272706228,,0.015866245841508145,1.0,0.49610389610389616,Contact
world1_baseline,world1_baseline__v4,9,10,0.04274488240480423,0.003704126790722269,True,0.9843251083739339,-0.00641157672597481,0.01708006113767624,0.3157258064516129,1.0,0.19225449515905946,Support
