world_id,scene_id,object_id_a,object_id_b,boundary_sharpness,minimum_boundary_distance,minimum_boundary_distance_is_metric,surface_normal_consistency,relative_height,depth_gradient,overlap_ratio,edge_continuity,occlusion_boundary_score,ground_truth_relation
world2_dense_clutter,world2_dense_clutter__v3,1,3,,0.003156525948418939,True,0.9731016407051561,0.04039571070635106,,0.0908278737343657,1.0,0.571648690292758,Separate
world2_dense_clutter,world2_dense_clutter__v3,2,7,,0.003156525948418939,True,0.7945496412278379,-0.009149510822394569,,0.10925985261134252,1.0,0.634020618556701,Separate
world2_dense_clutter,world2_dense_clutter__v3,2,8,0.1774858683347702,0.003156525948418939,True,0.9994872643245163,0.021313548517034153,0.050618935376405716,0.0256797583081571,1.0,0.8134110787172011,Separate
world2_dense_clutter,world2_dense_clutter__v3,5,6,,0.006313051896837878,True,0.7409769234477613,0.12585344208075733,,0.004999569002672183,,0.6316507503410641,Contact
world2_dense_clutter,world2_dense_clutter__v3,7,8,,0.003156525948418939,True,0.8121343773529601,0.030463059339428722,,0.0097997443544951,1.0,0.33571428571428563,Contact
world2_dense_clutter,world2_dense_clutter__v3,7,9,,0.011353708140519794,True,0.9126617124207428,0.032802439241219394,,0.00971322849213691,,1.0,Contact
world2_dense_clutter,world2_dense_clutter__v3,10,11,0.0571448877453804,0.003156525948418939,True,0.9413369712387177,-0.019434807476148674,0.024946846067905426,0.3842077371489136,1.0,0.14869281045751637,Separate
world2_dense_clutter,world2_dense_clutter__v3,15,16,0.03726090490818024,0.003156525948418939,True,0.9919837553832989,-0.003460851590057379,0.017560098320245743,0.1155571189868965,1.0,0.07929824561403498,Support
