world_id,scene_id,object_id_a,object_id_b,boundary_sharpness,minimum_boundary_distance,surface_normal_consistency,relative_height,depth_gradient,overlap_ratio,edge_continuity,occlusion_boundary_score,ground_truth_relation
world1_baseline,world1_baseline,1,2,0.23092614114284515,0.0038288108212566545,0.904385038880167,0.10493080063890314,0.06116168200969696,0.023107270336276537,1.0,0.4852941176470589,Separate
world1_baseline,world1_baseline,3,4,0.13962920010089874,0.0038288108212566545,0.9892457397737622,0.016776439332246262,0.03769858554005623,0.0,1.0,0.7621951219512195,Contact
world1_baseline,world1_baseline,8,12,0.26726043224334717,0.0038288108212566545,0.9538027736109018,0.1938490378792479,0.04892631620168686,0.02599255091528647,1.0,0.4065040650406504,Contact
world1_baseline,world1_baseline,9,10,0.04512903466820717,0.0038288108212566545,0.9993326192562203,-0.01234163410358069,0.00886900071054697,0.3071808510638298,1.0,0.46926536731634183,Support
