world_id,scene_id,object_id_a,object_id_b,boundary_sharpness,minimum_boundary_distance,minimum_boundary_distance_is_metric,surface_normal_consistency,relative_height,depth_gradient,overlap_ratio,edge_continuity,occlusion_boundary_score,ground_truth_relation
world4_support_scene,world4_support_scene__v6,1,2,0.5595716834068298,0.002184402671171254,True,0.9792854227169911,0.18424199658410478,0.0621006079018116,0.19279002465254208,1.0,0.6173421300659756,Contact
world4_support_scene,world4_support_scene__v6,1,9,0.4281412661075592,0.002184402671171254,True,0.9658825406414968,0.2885128757245683,0.054700128734111786,0.014504066678417646,1.0,1.0,Separate
world4_support_scene,world4_support_scene__v6,3,13,,0.002184402671171254,True,0.9353551229002511,-0.12301165345842846,,0.17281947261663286,1.0,0.7187928669410151,Separate
world4_support_scene,world4_support_scene__v6,4,5,,0.002184402671171254,True,0.8846881981944246,-0.18403920280900088,,0.2404258973037953,1.0,0.8916334661354581,Separate
world4_support_scene,world4_support_scene__v6,6,15,0.1197596937417984,0.002184402671171254,True,0.9966916794531572,0.03586847029799467,0.033395975828170776,0.11067667276281769,1.0,0.5857461024498887,Contact
world4_support_scene,world4_support_scene__v6,7,8,0.06445536762475967,0.002184402671171254,True,0.9989294071373451,0.0526527424443487,0.019274014979600906,0.5099594071556688,1.0,0.3223480947476829,Support
world4_support_scene,world4_support_scene__v6,9,11,0.07532557845115662,0.002184402671171254,True,0.9314326532198005,-0.047119136745267576,0.017035389319062233,0.08718020022246942,1.0,0.2703368940016434,Support
world4_support_scene,world4_support_scene__v6,10,14,0.11559823900461197,0.002184402671171254,True,0.9495732169452121,-0.11722671310663468,0.02543867751955986,0.23403579370962618,1.0,0.7246484085862324,Support
world4_support_scene,world4_support_scene__v6,12,15,0.09820490330457687,0.002184402671171254,True,0.9971414923306462,0.02950468327120781,0.028569450601935387,0.2975206611570248,1.0,0.5503105590062112,Support
